account_id,signup_date,segment,plan,acquisition_channel,paid_date,churn_date,initial_mrr
ACC-0001,2025-08-02,Mid-market,Growth,Outbound,,,338.74
ACC-0002,2025-03-13,Mid-market,Growth,Partner,,,395.19
ACC-0003,2025-09-13,SMB,Growth,Organic,,,299.0
ACC-0004,2025-07-08,SMB,Growth,Partner,,,299.0
ACC-0005,2024-09-04,Mid-market,Growth,Organic,2024-09-12,,335.85
ACC-0006,2025-10-02,SMB,Starter,Outbound,2025-10-29,,99.0
ACC-0007,2025-08-01,SMB,Starter,Paid Search,,,99.0
ACC-0008,2025-08-14,SMB,Starter,Paid Search,,,99.0
ACC-0009,2024-09-03,Mid-market,Growth,Partner,2024-09-12,,334.49
ACC-0010,2025-03-26,SMB,Starter,Outbound,2025-04-13,,99.0
ACC-0011,2025-02-07,Mid-market,Growth,Partner,2025-02-15,,336.85
ACC-0012,2025-10-18,SMB,Starter,Outbound,2025-11-04,,99.0
ACC-0013,2025-06-19,SMB,Growth,Paid Search,2025-06-29,,299.0
ACC-0014,2025-08-14,SMB,Starter,Paid Search,,,99.0
ACC-0015,2025-03-24,SMB,Growth,Organic,,,299.0
ACC-0016,2024-11-03,SMB,Starter,Paid Search,2024-11-30,2025-09-01,99.0
ACC-0017,2025-05-07,SMB,Starter,Organic,2025-06-03,,99.0
ACC-0018,2024-08-07,SMB,Starter,Paid Search,2024-08-22,,99.0
ACC-0019,2025-08-04,SMB,Growth,Partner,2025-08-11,,299.0
ACC-0020,2025-06-08,SMB,Starter,Paid Search,2025-06-15,,99.0
ACC-0021,2025-07-09,SMB,Growth,Organic,,,299.0
ACC-0022,2025-02-21,Enterprise,Scale,Outbound,2025-03-02,,2099.29
ACC-0023,2025-10-09,SMB,Starter,Paid Search,,,99.0
ACC-0024,2025-09-24,Mid-market,Growth,Outbound,2025-10-05,,301.8
ACC-0025,2025-08-21,Enterprise,Scale,Organic,2025-09-12,,1662.04
ACC-0026,2024-11-25,SMB,Starter,Organic,,,99.0
ACC-0027,2025-03-03,Mid-market,Scale,Outbound,2025-03-22,2025-09-01,1205.22
ACC-0028,2024-08-27,Mid-market,Growth,Partner,2024-09-17,,419.64
ACC-0029,2024-10-17,SMB,Starter,Paid Search,,,99.0
ACC-0030,2025-06-27,SMB,Starter,Organic,,,99.0
ACC-0031,2025-07-10,SMB,Starter,Outbound,,,99.0
ACC-0032,2025-10-26,SMB,Growth,Paid Search,2025-11-05,2025-12-01,299.0
ACC-0033,2025-01-16,SMB,Starter,Paid Search,,,99.0
ACC-0034,2025-02-02,Enterprise,Scale,Partner,2025-03-03,,2300.08
ACC-0035,2025-03-12,Enterprise,Scale,Partner,,,2069.69
ACC-0036,2024-11-04,SMB,Starter,Partner,2024-11-28,,99.0
ACC-0037,2024-09-26,Mid-market,Growth,Outbound,2024-10-16,2025-04-01,401.3
ACC-0038,2025-04-09,SMB,Starter,Paid Search,2025-04-28,2025-07-01,99.0
ACC-0039,2024-11-07,Enterprise,Scale,Partner,2024-11-15,2025-01-01,2733.3
ACC-0040,2025-06-15,SMB,Starter,Paid Search,2025-07-03,2025-11-01,99.0
ACC-0041,2025-03-12,Enterprise,Scale,Outbound,2025-04-09,,2153.29
ACC-0042,2025-08-03,Mid-market,Growth,Paid Search,,,387.86
ACC-0043,2025-07-23,SMB,Starter,Organic,2025-08-05,,99.0
ACC-0044,2025-01-23,SMB,Starter,Paid Search,2025-02-22,2025-05-01,99.0
ACC-0045,2025-08-21,Mid-market,Scale,Paid Search,2025-09-12,,995.22
ACC-0046,2025-08-17,SMB,Starter,Organic,,,99.0
ACC-0047,2025-02-11,SMB,Growth,Paid Search,2025-02-23,2025-08-01,299.0
ACC-0048,2024-12-15,Enterprise,Scale,Outbound,2024-12-20,,2189.93
ACC-0049,2025-06-15,SMB,Starter,Paid Search,,,99.0
ACC-0050,2024-10-05,SMB,Starter,Organic,2024-10-12,2025-01-01,99.0
ACC-0051,2024-11-03,SMB,Starter,Organic,,,99.0
ACC-0052,2024-07-07,SMB,Starter,Outbound,,,99.0
ACC-0053,2025-08-13,Enterprise,Scale,Outbound,2025-08-23,2025-09-01,2601.03
ACC-0054,2025-06-05,SMB,Starter,Paid Search,,,99.0
ACC-0055,2025-07-03,SMB,Starter,Outbound,2025-07-18,2025-12-01,99.0
ACC-0056,2025-08-24,SMB,Starter,Organic,2025-09-12,,99.0
ACC-0057,2025-03-11,Enterprise,Scale,Partner,2025-04-02,,2755.4
ACC-0058,2025-05-16,SMB,Growth,Organic,2025-05-31,,299.0
ACC-0059,2024-10-15,Mid-market,Growth,Outbound,2024-11-03,,367.91
ACC-0060,2024-09-20,Mid-market,Growth,Outbound,2024-10-07,,407.0
ACC-0061,2025-06-20,Mid-market,Growth,Organic,2025-06-25,,359.96
ACC-0062,2025-03-08,Enterprise,Scale,Outbound,,,2110.59
ACC-0063,2025-05-23,Mid-market,Growth,Partner,2025-06-18,,356.57
ACC-0064,2025-08-11,Enterprise,Scale,Partner,2025-08-31,,2102.38
ACC-0065,2025-06-23,SMB,Starter,Paid Search,,,99.0
ACC-0066,2025-05-11,Mid-market,Growth,Organic,2025-05-19,,327.18
ACC-0067,2025-05-03,SMB,Starter,Paid Search,,,99.0
ACC-0068,2025-01-21,SMB,Starter,Paid Search,2025-02-19,,99.0
ACC-0069,2024-07-01,Mid-market,Growth,Outbound,,,429.1
ACC-0070,2025-03-21,Enterprise,Scale,Outbound,2025-04-03,,1815.02
ACC-0071,2024-11-02,Mid-market,Growth,Partner,2024-11-18,,376.91
ACC-0072,2025-02-06,SMB,Growth,Paid Search,2025-02-11,,299.0
ACC-0073,2025-09-17,SMB,Starter,Paid Search,,,99.0
ACC-0074,2024-11-26,SMB,Starter,Partner,2024-12-24,,99.0
ACC-0075,2024-08-12,SMB,Growth,Paid Search,2024-08-28,,299.0
ACC-0076,2024-12-04,SMB,Starter,Paid Search,2024-12-18,,99.0
ACC-0077,2025-01-07,SMB,Starter,Partner,2025-01-18,2025-06-01,99.0
ACC-0078,2025-06-25,SMB,Starter,Paid Search,2025-07-16,,99.0
ACC-0079,2025-05-20,Mid-market,Growth,Outbound,2025-06-10,2025-10-01,320.61
ACC-0080,2025-08-03,SMB,Starter,Paid Search,,,99.0
ACC-0081,2025-06-11,Enterprise,Scale,Organic,2025-07-09,,2295.9
ACC-0082,2025-02-08,SMB,Starter,Organic,2025-02-23,2025-12-01,99.0
ACC-0083,2025-08-05,SMB,Growth,Partner,2025-08-30,,299.0
ACC-0084,2024-10-23,SMB,Growth,Partner,2024-11-07,,299.0
ACC-0085,2024-07-17,SMB,Starter,Organic,2024-08-06,,99.0
ACC-0086,2024-09-05,Enterprise,Scale,Partner,2024-09-23,,1865.25
ACC-0087,2025-07-18,SMB,Starter,Outbound,2025-07-31,,99.0
ACC-0088,2025-03-12,SMB,Starter,Outbound,2025-04-01,,99.0
ACC-0089,2024-10-02,Enterprise,Scale,Partner,2024-11-01,,2564.51
ACC-0090,2025-04-13,Enterprise,Scale,Outbound,2025-04-19,,2267.19
ACC-0091,2024-10-06,SMB,Starter,Paid Search,2024-11-05,2025-10-01,99.0
ACC-0092,2025-07-07,SMB,Starter,Organic,2025-08-01,,99.0
ACC-0093,2025-03-24,SMB,Starter,Outbound,2025-04-07,,99.0
ACC-0094,2025-02-20,SMB,Starter,Paid Search,,,99.0
ACC-0095,2025-01-04,SMB,Starter,Paid Search,2025-01-29,2025-10-01,99.0
ACC-0096,2025-06-23,SMB,Growth,Organic,2025-07-23,,299.0
ACC-0097,2025-02-16,Enterprise,Scale,Organic,2025-02-23,,2860.73
ACC-0098,2024-09-24,SMB,Starter,Organic,2024-10-17,,99.0
ACC-0099,2024-09-21,SMB,Starter,Partner,2024-10-02,,99.0
ACC-0100,2025-10-10,SMB,Starter,Organic,2025-10-28,,99.0
ACC-0101,2025-09-15,Mid-market,Growth,Partner,2025-10-02,,428.16
ACC-0102,2025-07-15,SMB,Growth,Organic,,,299.0
ACC-0103,2024-12-20,Mid-market,Growth,Organic,2025-01-18,,423.84
ACC-0104,2025-10-07,Enterprise,Scale,Outbound,2025-11-05,,2381.13
ACC-0105,2025-08-09,SMB,Growth,Paid Search,2025-08-15,,299.0
ACC-0106,2025-07-07,SMB,Starter,Organic,2025-07-27,2025-12-01,99.0
ACC-0107,2025-03-08,SMB,Starter,Organic,,,99.0
ACC-0108,2024-12-05,SMB,Starter,Organic,,,99.0
ACC-0109,2024-09-01,Enterprise,Scale,Outbound,2024-09-19,,2572.2
ACC-0110,2025-09-26,SMB,Starter,Organic,,,99.0
ACC-0111,2025-03-03,Mid-market,Growth,Partner,,,408.06
ACC-0112,2024-11-24,SMB,Growth,Organic,2024-12-20,2025-04-01,299.0
ACC-0113,2025-01-01,SMB,Starter,Organic,,,99.0
ACC-0114,2025-05-21,SMB,Starter,Paid Search,,,99.0
ACC-0115,2024-10-09,Mid-market,Growth,Outbound,2024-11-02,,360.19
ACC-0116,2025-09-14,Mid-market,Growth,Paid Search,,,413.46
ACC-0117,2025-08-08,SMB,Starter,Paid Search,,,99.0
ACC-0118,2025-07-14,SMB,Starter,Partner,2025-08-06,,99.0
ACC-0119,2025-03-13,Mid-market,Growth,Partner,2025-04-04,,354.67
ACC-0120,2025-06-15,SMB,Starter,Organic,2025-06-25,,99.0
ACC-0121,2025-05-11,Enterprise,Scale,Outbound,2025-06-10,,1720.51
ACC-0122,2025-06-15,SMB,Starter,Organic,2025-06-22,,99.0
ACC-0123,2024-08-23,SMB,Starter,Paid Search,2024-08-29,2025-07-01,99.0
ACC-0124,2025-03-12,SMB,Starter,Paid Search,2025-03-22,2025-10-01,99.0
ACC-0125,2024-07-10,SMB,Starter,Outbound,2024-08-05,,99.0
ACC-0126,2025-04-04,SMB,Starter,Paid Search,2025-04-27,2025-09-01,99.0
ACC-0127,2025-01-10,SMB,Starter,Paid Search,2025-01-20,2025-04-01,99.0
ACC-0128,2024-10-04,Enterprise,Scale,Outbound,2024-11-01,,2958.54
ACC-0129,2024-09-05,SMB,Starter,Partner,2024-09-27,2024-10-01,99.0
ACC-0130,2025-05-26,SMB,Growth,Paid Search,,,299.0
ACC-0131,2024-10-03,SMB,Starter,Outbound,,,99.0
ACC-0132,2025-10-14,SMB,Starter,Paid Search,2025-11-05,,99.0
ACC-0133,2025-05-23,SMB,Growth,Outbound,2025-06-15,,299.0
ACC-0134,2025-01-26,SMB,Starter,Organic,2025-02-02,,99.0
ACC-0135,2025-05-04,SMB,Starter,Partner,,,99.0
ACC-0136,2024-07-05,SMB,Starter,Paid Search,,,99.0
ACC-0137,2025-10-11,Enterprise,Scale,Outbound,,,1652.29
ACC-0138,2025-04-15,SMB,Growth,Partner,2025-05-11,2025-08-01,299.0
ACC-0139,2025-08-26,Mid-market,Growth,Paid Search,,,389.56
ACC-0140,2024-08-06,SMB,Growth,Outbound,2024-08-14,2025-05-01,299.0
ACC-0141,2025-04-05,SMB,Starter,Organic,2025-04-14,2025-11-01,99.0
ACC-0142,2025-04-07,Mid-market,Growth,Organic,2025-04-18,2025-12-01,384.5
ACC-0143,2025-10-24,Mid-market,Growth,Paid Search,,,374.55
ACC-0144,2025-05-01,Mid-market,Growth,Outbound,2025-05-22,,305.18
ACC-0145,2025-03-11,SMB,Starter,Paid Search,2025-03-17,2025-10-01,99.0
ACC-0146,2024-12-04,SMB,Starter,Paid Search,2025-01-03,2025-05-01,99.0
ACC-0147,2025-01-05,Mid-market,Growth,Partner,,,328.74
ACC-0148,2025-04-25,SMB,Starter,Organic,,,99.0
ACC-0149,2025-03-01,SMB,Growth,Paid Search,2025-03-09,2025-06-01,299.0
ACC-0150,2024-07-09,Mid-market,Scale,Outbound,2024-08-07,,942.78
ACC-0151,2025-08-25,Mid-market,Scale,Partner,2025-09-19,,946.25
ACC-0152,2025-09-17,Enterprise,Scale,Outbound,,,2930.51
ACC-0153,2024-10-02,SMB,Starter,Organic,2024-10-17,2024-11-01,99.0
ACC-0154,2025-05-13,SMB,Starter,Outbound,,,99.0
ACC-0155,2024-09-27,Mid-market,Growth,Outbound,2024-10-16,,334.81
ACC-0156,2025-06-11,SMB,Starter,Paid Search,,,99.0
ACC-0157,2024-12-15,Mid-market,Growth,Partner,2024-12-20,,310.21
ACC-0158,2025-06-15,SMB,Starter,Paid Search,,,99.0
ACC-0159,2025-07-18,SMB,Starter,Organic,2025-08-16,2025-11-01,99.0
ACC-0160,2025-08-06,Mid-market,Growth,Outbound,2025-08-15,,307.92
ACC-0161,2024-09-23,SMB,Starter,Paid Search,,,99.0
ACC-0162,2025-09-27,SMB,Starter,Organic,2025-10-06,,99.0
ACC-0163,2024-11-04,SMB,Starter,Organic,2024-11-28,2025-05-01,99.0
ACC-0164,2024-07-23,Mid-market,Scale,Organic,,,1126.3
ACC-0165,2025-05-23,Mid-market,Growth,Paid Search,,,386.78
ACC-0166,2025-02-21,SMB,Starter,Organic,2025-02-26,2025-08-01,99.0
ACC-0167,2025-08-11,SMB,Starter,Organic,2025-09-06,,99.0
ACC-0168,2025-08-13,Enterprise,Scale,Outbound,2025-08-31,,1681.7
ACC-0169,2025-01-23,SMB,Starter,Organic,2025-01-31,2025-03-01,99.0
ACC-0170,2025-10-05,SMB,Starter,Organic,,,99.0
ACC-0171,2024-12-23,SMB,Starter,Paid Search,2025-01-12,,99.0
ACC-0172,2025-04-25,SMB,Starter,Outbound,2025-05-25,,99.0
ACC-0173,2024-12-19,Mid-market,Growth,Partner,,,313.9
ACC-0174,2025-10-10,Mid-market,Growth,Outbound,,,317.62
ACC-0175,2024-10-16,Mid-market,Growth,Partner,2024-10-30,,309.04
ACC-0176,2024-08-02,SMB,Starter,Outbound,,,99.0
ACC-0177,2025-03-26,SMB,Starter,Outbound,2025-04-24,,99.0
ACC-0178,2025-10-10,SMB,Starter,Partner,2025-10-30,,99.0
ACC-0179,2025-09-02,SMB,Starter,Paid Search,2025-09-13,,99.0
ACC-0180,2025-07-22,SMB,Starter,Organic,2025-08-07,,99.0
ACC-0181,2025-09-18,SMB,Starter,Paid Search,,,99.0
ACC-0182,2025-09-17,SMB,Starter,Organic,,,99.0
ACC-0183,2025-04-02,SMB,Starter,Outbound,,,99.0
ACC-0184,2025-01-21,Mid-market,Growth,Paid Search,2025-02-05,,367.35
ACC-0185,2025-08-18,SMB,Starter,Outbound,,,99.0
ACC-0186,2025-06-22,SMB,Starter,Organic,2025-07-16,,99.0
ACC-0187,2025-02-23,Mid-market,Scale,Outbound,2025-02-28,2025-04-01,1228.17
ACC-0188,2024-09-06,Mid-market,Growth,Partner,2024-09-16,,428.47
ACC-0189,2025-07-06,Mid-market,Growth,Outbound,2025-07-30,,421.56
ACC-0190,2024-12-25,SMB,Starter,Paid Search,2025-01-06,2025-11-01,99.0
ACC-0191,2025-10-15,Mid-market,Growth,Organic,2025-10-30,,400.9
ACC-0192,2024-12-12,SMB,Starter,Paid Search,,,99.0
ACC-0193,2024-09-08,SMB,Growth,Partner,,,299.0
ACC-0194,2025-08-18,SMB,Starter,Partner,2025-09-07,,99.0
ACC-0195,2024-10-21,SMB,Starter,Organic,,,99.0
ACC-0196,2024-10-01,SMB,Starter,Outbound,2024-10-11,2025-07-01,99.0
ACC-0197,2025-05-15,SMB,Growth,Outbound,,,299.0
ACC-0198,2025-09-27,Mid-market,Scale,Outbound,2025-10-02,,932.82
ACC-0199,2024-11-08,SMB,Starter,Outbound,2024-12-07,2025-05-01,99.0
ACC-0200,2025-01-08,SMB,Starter,Organic,2025-01-31,,99.0
ACC-0201,2025-08-24,SMB,Starter,Paid Search,,,99.0
ACC-0202,2025-10-02,SMB,Starter,Paid Search,,,99.0
ACC-0203,2025-04-11,SMB,Starter,Organic,,,99.0
ACC-0204,2024-10-13,SMB,Growth,Organic,,,299.0
ACC-0205,2024-07-22,SMB,Starter,Organic,,,99.0
ACC-0206,2024-11-04,Mid-market,Growth,Organic,,,415.23
ACC-0207,2024-09-12,Enterprise,Scale,Outbound,2024-09-23,2025-05-01,2243.62
ACC-0208,2025-06-05,SMB,Starter,Organic,2025-06-14,2025-11-01,99.0
ACC-0209,2024-09-22,Mid-market,Growth,Partner,,,385.36
ACC-0210,2025-04-18,Mid-market,Scale,Organic,2025-04-28,,1172.98
ACC-0211,2025-07-14,Enterprise,Scale,Outbound,2025-08-07,,3041.12
ACC-0212,2025-05-11,SMB,Starter,Partner,2025-06-07,,99.0
ACC-0213,2024-11-05,Mid-market,Growth,Outbound,,,303.85
ACC-0214,2025-08-25,Enterprise,Scale,Outbound,,,2472.3
ACC-0215,2025-07-18,Mid-market,Growth,Outbound,2025-07-23,,418.21
ACC-0216,2025-07-09,SMB,Starter,Organic,,,99.0
ACC-0217,2024-09-12,SMB,Growth,Organic,,,299.0
ACC-0218,2024-09-20,SMB,Starter,Paid Search,2024-10-06,,99.0
ACC-0219,2025-10-20,SMB,Starter,Outbound,2025-11-17,,99.0
ACC-0220,2025-02-13,SMB,Starter,Organic,2025-02-27,2025-03-01,99.0
ACC-0221,2025-01-09,SMB,Starter,Organic,2025-01-16,2025-03-01,99.0
ACC-0222,2025-04-18,SMB,Growth,Outbound,,,299.0
ACC-0223,2025-06-18,SMB,Starter,Organic,2025-06-25,,99.0
ACC-0224,2025-10-17,Mid-market,Growth,Partner,2025-11-14,,430.47
ACC-0225,2024-12-02,SMB,Starter,Organic,2024-12-21,,99.0
ACC-0226,2025-10-13,SMB,Starter,Organic,,,99.0
ACC-0227,2024-07-17,Mid-market,Growth,Organic,,,405.04
ACC-0228,2025-05-26,Mid-market,Scale,Outbound,2025-06-02,,1102.01
ACC-0229,2025-06-15,Enterprise,Scale,Partner,2025-07-06,,2328.66
ACC-0230,2024-09-10,Mid-market,Scale,Outbound,,,1142.22
ACC-0231,2024-10-16,Mid-market,Growth,Partner,2024-10-26,,326.15
ACC-0232,2025-03-05,SMB,Starter,Organic,2025-04-04,,99.0
ACC-0233,2025-10-03,SMB,Starter,Organic,,,99.0
ACC-0234,2025-05-19,SMB,Starter,Organic,2025-06-06,,99.0
ACC-0235,2025-10-27,SMB,Growth,Organic,2025-11-16,,299.0
ACC-0236,2025-08-23,Enterprise,Scale,Outbound,2025-09-05,,1992.93
ACC-0237,2025-03-16,SMB,Growth,Outbound,2025-03-21,,299.0
ACC-0238,2025-08-02,SMB,Starter,Partner,2025-08-14,,99.0
ACC-0239,2024-07-27,SMB,Starter,Organic,2024-08-22,2025-06-01,99.0
ACC-0240,2024-09-13,SMB,Growth,Organic,2024-09-21,2025-06-01,299.0
ACC-0241,2025-08-08,SMB,Starter,Organic,,,99.0
ACC-0242,2025-08-25,SMB,Growth,Organic,2025-09-20,2025-11-01,299.0
ACC-0243,2024-11-21,Enterprise,Scale,Partner,,,2103.33
ACC-0244,2025-04-21,SMB,Growth,Paid Search,2025-04-28,2025-07-01,299.0
ACC-0245,2025-05-08,Mid-market,Growth,Partner,2025-05-26,,383.22
ACC-0246,2025-09-27,Mid-market,Scale,Organic,2025-10-15,,1072.7
ACC-0247,2025-05-13,SMB,Starter,Paid Search,,,99.0
ACC-0248,2025-03-15,SMB,Growth,Paid Search,2025-03-23,,299.0
ACC-0249,2025-02-21,Mid-market,Growth,Outbound,2025-03-03,,400.82
ACC-0250,2025-03-18,SMB,Starter,Organic,2025-04-17,,99.0
ACC-0251,2025-06-05,Enterprise,Scale,Partner,2025-07-05,,2278.2
ACC-0252,2025-09-09,SMB,Growth,Paid Search,,,299.0
ACC-0253,2025-03-10,Mid-market,Growth,Paid Search,,,311.77
ACC-0254,2024-12-26,Mid-market,Growth,Outbound,2025-01-09,2025-12-01,396.99
ACC-0255,2024-12-20,SMB,Starter,Organic,2025-01-08,2025-03-01,99.0
ACC-0256,2025-07-10,SMB,Growth,Paid Search,,,299.0
ACC-0257,2025-08-20,Enterprise,Scale,Partner,2025-09-04,,2131.46
ACC-0258,2024-09-20,SMB,Starter,Paid Search,,,99.0
ACC-0259,2024-08-11,SMB,Starter,Organic,2024-08-23,2024-12-01,99.0
ACC-0260,2025-05-11,SMB,Starter,Organic,,,99.0
ACC-0261,2024-10-25,SMB,Starter,Organic,2024-11-22,,99.0
ACC-0262,2025-08-16,Mid-market,Growth,Outbound,2025-08-30,,363.86
ACC-0263,2025-01-05,Mid-market,Growth,Outbound,2025-01-26,2025-12-01,368.15
ACC-0264,2024-10-20,SMB,Starter,Partner,2024-11-12,,99.0
ACC-0265,2025-10-16,Mid-market,Growth,Paid Search,,,359.88
ACC-0266,2024-10-14,SMB,Starter,Paid Search,2024-11-08,2025-06-01,99.0
ACC-0267,2024-12-20,SMB,Starter,Organic,2025-01-08,,99.0
ACC-0268,2024-10-25,SMB,Growth,Paid Search,2024-11-02,,299.0
ACC-0269,2024-09-09,Enterprise,Scale,Outbound,,,2130.71
ACC-0270,2024-07-12,SMB,Growth,Outbound,2024-08-10,2024-11-01,299.0
ACC-0271,2024-08-06,SMB,Starter,Organic,2024-08-14,2025-02-01,99.0
ACC-0272,2024-10-18,SMB,Starter,Organic,,,99.0
ACC-0273,2024-08-11,Mid-market,Scale,Paid Search,2024-08-23,,937.5
ACC-0274,2025-05-10,SMB,Starter,Paid Search,,,99.0
ACC-0275,2025-06-19,SMB,Growth,Organic,2025-07-07,,299.0
ACC-0276,2025-02-12,Mid-market,Growth,Outbound,,,427.2
ACC-0277,2025-01-13,SMB,Growth,Paid Search,2025-01-23,2025-11-01,299.0
ACC-0278,2025-04-12,SMB,Growth,Outbound,,,299.0
ACC-0279,2025-09-07,SMB,Starter,Partner,2025-10-01,,99.0
ACC-0280,2025-09-04,SMB,Starter,Organic,2025-09-23,,99.0
ACC-0281,2024-08-23,SMB,Starter,Paid Search,,,99.0
ACC-0282,2024-10-03,Mid-market,Growth,Paid Search,2024-10-25,2025-01-01,395.38
ACC-0283,2024-12-09,Mid-market,Growth,Partner,2024-12-23,,321.45
ACC-0284,2024-12-19,Mid-market,Growth,Organic,,,389.32
ACC-0285,2025-05-04,Enterprise,Scale,Outbound,2025-05-31,,2048.48
ACC-0286,2025-03-18,SMB,Starter,Organic,2025-03-28,2025-04-01,99.0
ACC-0287,2024-08-20,SMB,Growth,Organic,,,299.0
ACC-0288,2025-02-18,Enterprise,Scale,Outbound,2025-02-26,,2836.43
ACC-0289,2025-04-09,SMB,Starter,Organic,,,99.0
ACC-0290,2024-09-01,Mid-market,Scale,Outbound,,,925.37
ACC-0291,2025-08-24,Mid-market,Growth,Partner,2025-08-30,,388.87
ACC-0292,2024-08-09,SMB,Starter,Organic,2024-08-31,2024-11-01,99.0
ACC-0293,2025-10-22,SMB,Starter,Outbound,,,99.0
ACC-0294,2024-09-06,SMB,Starter,Paid Search,,,99.0
ACC-0295,2025-09-05,SMB,Starter,Paid Search,2025-09-10,,99.0
ACC-0296,2025-09-22,SMB,Starter,Paid Search,,,99.0
ACC-0297,2025-10-26,SMB,Starter,Paid Search,2025-11-10,,99.0
ACC-0298,2025-08-24,Mid-market,Growth,Paid Search,2025-09-03,,405.75
ACC-0299,2025-08-21,Enterprise,Scale,Outbound,2025-08-29,,2728.08
ACC-0300,2025-06-07,Mid-market,Growth,Paid Search,,,421.64
ACC-0301,2025-08-25,SMB,Starter,Organic,,,99.0
ACC-0302,2024-10-19,SMB,Starter,Organic,2024-11-15,,99.0
ACC-0303,2025-04-05,SMB,Starter,Outbound,2025-04-29,,99.0
ACC-0304,2025-04-04,SMB,Starter,Organic,2025-04-15,,99.0
ACC-0305,2025-09-24,Enterprise,Scale,Organic,2025-10-22,,2925.71
ACC-0306,2025-03-08,SMB,Growth,Outbound,2025-04-06,2025-06-01,299.0
ACC-0307,2025-02-21,SMB,Starter,Organic,,,99.0
ACC-0308,2025-06-04,Mid-market,Growth,Outbound,2025-06-10,,310.86
ACC-0309,2024-12-08,SMB,Starter,Paid Search,,,99.0
ACC-0310,2024-10-08,SMB,Starter,Organic,2024-10-19,2025-08-01,99.0
ACC-0311,2025-04-08,SMB,Growth,Organic,2025-04-28,,299.0
ACC-0312,2025-03-19,SMB,Starter,Organic,,,99.0
ACC-0313,2024-11-25,Mid-market,Growth,Organic,2024-12-11,,334.08
ACC-0314,2025-02-25,SMB,Starter,Partner,2025-03-05,2025-05-01,99.0
ACC-0315,2025-02-21,Enterprise,Scale,Partner,2025-03-20,,1680.53
ACC-0316,2025-01-06,Mid-market,Growth,Organic,2025-02-03,,319.14
ACC-0317,2025-02-26,Mid-market,Growth,Partner,,,305.86
ACC-0318,2025-07-15,SMB,Starter,Paid Search,,,99.0
ACC-0319,2025-01-15,SMB,Starter,Paid Search,,,99.0
ACC-0320,2025-10-19,Mid-market,Growth,Organic,2025-11-14,,323.89
ACC-0321,2025-09-21,SMB,Growth,Paid Search,,,299.0
ACC-0322,2025-04-26,SMB,Starter,Outbound,2025-05-05,,99.0
ACC-0323,2025-01-16,Mid-market,Growth,Organic,,,418.31
ACC-0324,2025-04-17,SMB,Starter,Organic,2025-05-13,,99.0
ACC-0325,2025-09-21,Mid-market,Growth,Partner,2025-10-14,,403.94
ACC-0326,2025-06-07,Enterprise,Scale,Partner,2025-06-22,,2951.51
ACC-0327,2025-08-09,Mid-market,Growth,Organic,2025-08-19,,427.1
ACC-0328,2025-04-17,SMB,Starter,Organic,,,99.0
ACC-0329,2025-06-02,Mid-market,Growth,Outbound,,,347.63
ACC-0330,2024-12-09,SMB,Starter,Organic,2024-12-20,,99.0
ACC-0331,2025-07-20,Mid-market,Growth,Paid Search,2025-08-04,,327.16
ACC-0332,2024-11-27,Mid-market,Growth,Paid Search,,,376.65
ACC-0333,2025-07-15,Mid-market,Growth,Organic,,,385.96
ACC-0334,2025-09-11,SMB,Starter,Organic,2025-09-27,,99.0
ACC-0335,2024-09-12,SMB,Starter,Paid Search,,,99.0
ACC-0336,2025-06-19,SMB,Starter,Organic,2025-07-13,,99.0
ACC-0337,2024-09-15,SMB,Starter,Organic,2024-10-02,2025-01-01,99.0
ACC-0338,2025-07-01,SMB,Starter,Paid Search,,,99.0
ACC-0339,2024-08-15,SMB,Growth,Paid Search,2024-09-13,2024-12-01,299.0
ACC-0340,2025-10-11,SMB,Starter,Paid Search,2025-10-25,,99.0
ACC-0341,2024-10-19,Mid-market,Scale,Partner,2024-11-17,,1033.86
ACC-0342,2025-10-24,Enterprise,Scale,Outbound,2025-11-23,,2806.83
ACC-0343,2025-08-26,SMB,Growth,Paid Search,,,299.0
ACC-0344,2025-05-17,Mid-market,Scale,Organic,,,1251.51
ACC-0345,2025-08-10,Mid-market,Growth,Organic,2025-08-21,,351.68
ACC-0346,2025-08-12,SMB,Starter,Outbound,2025-08-23,,99.0
ACC-0347,2025-10-05,SMB,Starter,Outbound,2025-10-23,,99.0
ACC-0348,2024-12-26,Mid-market,Growth,Partner,2025-01-25,,314.33
ACC-0349,2025-05-23,Enterprise,Scale,Outbound,2025-06-11,,2786.13
ACC-0350,2024-09-24,Mid-market,Growth,Outbound,,,313.83
ACC-0351,2025-06-09,Enterprise,Scale,Outbound,2025-06-27,,2154.54
ACC-0352,2024-10-09,Enterprise,Scale,Outbound,2024-11-02,,2721.23
ACC-0353,2025-05-24,SMB,Starter,Organic,2025-05-31,2025-11-01,99.0
ACC-0354,2025-05-15,SMB,Starter,Organic,2025-06-13,,99.0
ACC-0355,2025-03-20,SMB,Starter,Paid Search,,,99.0
ACC-0356,2025-04-14,Enterprise,Scale,Outbound,2025-05-14,,2400.92
ACC-0357,2025-08-12,SMB,Starter,Organic,2025-08-19,,99.0
ACC-0358,2025-08-18,SMB,Growth,Paid Search,2025-08-23,,299.0
ACC-0359,2025-04-22,Mid-market,Growth,Partner,2025-05-15,,364.21
ACC-0360,2025-05-10,SMB,Starter,Organic,,,99.0
ACC-0361,2025-10-22,Mid-market,Growth,Partner,2025-11-02,,341.07
ACC-0362,2024-09-07,SMB,Starter,Organic,,,99.0
ACC-0363,2024-09-11,Enterprise,Scale,Outbound,2024-09-18,,2262.19
ACC-0364,2024-09-25,Mid-market,Growth,Partner,,,373.2
ACC-0365,2025-06-26,SMB,Growth,Organic,,,299.0
ACC-0366,2025-03-25,Mid-market,Growth,Organic,2025-03-30,2025-10-01,417.7
ACC-0367,2025-08-09,SMB,Starter,Paid Search,2025-08-22,,99.0
ACC-0368,2025-06-23,SMB,Starter,Outbound,,,99.0
ACC-0369,2025-01-26,Mid-market,Growth,Outbound,2025-02-17,,386.89
ACC-0370,2025-09-27,Mid-market,Growth,Organic,2025-10-26,,406.54
ACC-0371,2025-08-01,SMB,Starter,Paid Search,,,99.0
ACC-0372,2024-12-21,SMB,Growth,Outbound,2025-01-18,2025-02-01,299.0
ACC-0373,2025-02-27,Mid-market,Scale,Paid Search,2025-03-26,,1174.53
ACC-0374,2025-01-21,SMB,Starter,Paid Search,,,99.0
ACC-0375,2024-10-07,SMB,Growth,Organic,,,299.0
ACC-0376,2024-10-21,SMB,Starter,Paid Search,,,99.0
ACC-0377,2025-10-03,SMB,Starter,Paid Search,,,99.0
ACC-0378,2025-03-13,Mid-market,Scale,Outbound,2025-03-23,,1282.89
ACC-0379,2025-02-17,SMB,Growth,Paid Search,,,299.0
ACC-0380,2025-07-13,SMB,Starter,Paid Search,,,99.0
ACC-0381,2025-05-19,Enterprise,Scale,Outbound,2025-06-07,,2147.42
ACC-0382,2025-10-07,SMB,Starter,Paid Search,,,99.0
ACC-0383,2025-08-17,Mid-market,Growth,Paid Search,2025-08-29,,413.16
ACC-0384,2025-04-18,SMB,Starter,Organic,2025-04-25,,99.0
ACC-0385,2025-02-18,Mid-market,Growth,Outbound,2025-03-14,2025-11-01,391.3
ACC-0386,2025-10-08,Mid-market,Growth,Outbound,2025-10-15,2025-12-01,334.03
ACC-0387,2025-07-09,Mid-market,Growth,Outbound,2025-07-18,,342.25
ACC-0388,2025-10-07,SMB,Starter,Outbound,2025-10-16,,99.0
ACC-0389,2024-09-13,SMB,Starter,Paid Search,2024-10-12,2025-09-01,99.0
ACC-0390,2025-09-16,Mid-market,Growth,Partner,2025-09-23,,367.08
ACC-0391,2025-06-10,SMB,Starter,Paid Search,2025-06-19,2025-11-01,99.0
ACC-0392,2024-09-12,SMB,Starter,Organic,2024-09-27,2024-11-01,99.0
ACC-0393,2025-05-08,SMB,Starter,Organic,2025-05-14,2025-06-01,99.0
ACC-0394,2025-07-06,Enterprise,Scale,Outbound,2025-07-18,,2347.13
ACC-0395,2024-07-18,Mid-market,Scale,Organic,2024-08-05,,1216.56
ACC-0396,2025-03-23,SMB,Starter,Organic,,,99.0
ACC-0397,2025-08-08,Mid-market,Growth,Partner,2025-08-17,,406.38
ACC-0398,2025-01-24,SMB,Starter,Outbound,2025-02-20,2025-11-01,99.0
ACC-0399,2025-03-16,SMB,Starter,Partner,2025-04-13,,99.0
ACC-0400,2025-03-05,SMB,Starter,Paid Search,,,99.0
ACC-0401,2025-01-10,Mid-market,Growth,Paid Search,2025-02-01,2025-04-01,311.14
ACC-0402,2025-10-01,SMB,Starter,Organic,2025-10-25,,99.0
ACC-0403,2025-08-02,Mid-market,Growth,Paid Search,2025-08-24,,378.58
ACC-0404,2024-09-10,Mid-market,Growth,Organic,,,333.07
ACC-0405,2025-10-13,SMB,Growth,Partner,2025-11-12,,299.0
ACC-0406,2025-09-22,SMB,Starter,Paid Search,2025-09-29,,99.0
ACC-0407,2024-12-04,SMB,Starter,Outbound,2024-12-24,2025-03-01,99.0
ACC-0408,2025-09-23,Enterprise,Scale,Organic,2025-10-01,,2479.1
ACC-0409,2024-09-07,Enterprise,Scale,Partner,2024-09-25,,1961.82
ACC-0410,2025-10-04,Enterprise,Scale,Partner,,,2122.5
ACC-0411,2025-06-19,SMB,Starter,Partner,2025-07-07,,99.0
ACC-0412,2025-06-21,SMB,Starter,Organic,,,99.0
ACC-0413,2024-09-17,SMB,Starter,Paid Search,2024-10-03,2025-03-01,99.0
ACC-0414,2025-09-04,SMB,Starter,Outbound,2025-09-15,,99.0
ACC-0415,2024-07-04,SMB,Starter,Paid Search,,,99.0
ACC-0416,2024-12-11,SMB,Growth,Paid Search,2025-01-06,2025-03-01,299.0
ACC-0417,2024-10-13,Enterprise,Scale,Partner,2024-11-07,,2437.45
ACC-0418,2025-08-27,SMB,Starter,Outbound,2025-09-01,,99.0
ACC-0419,2024-11-08,SMB,Starter,Organic,2024-11-26,2025-09-01,99.0
ACC-0420,2025-09-06,Mid-market,Growth,Paid Search,2025-09-14,,380.72
ACC-0421,2025-06-26,SMB,Starter,Paid Search,,,99.0
ACC-0422,2024-07-05,Mid-market,Scale,Outbound,,,1156.51
ACC-0423,2024-07-01,SMB,Starter,Partner,,,99.0
ACC-0424,2024-08-12,Mid-market,Scale,Organic,,,1092.44
ACC-0425,2025-05-11,SMB,Starter,Outbound,,,99.0
ACC-0426,2025-08-17,SMB,Starter,Outbound,2025-09-06,,99.0
ACC-0427,2024-12-24,Mid-market,Growth,Partner,2025-01-17,,344.15
ACC-0428,2025-09-26,SMB,Growth,Organic,2025-10-19,,299.0
ACC-0429,2024-08-08,SMB,Starter,Organic,,,99.0
ACC-0430,2025-08-27,SMB,Starter,Paid Search,,,99.0
ACC-0431,2025-10-18,SMB,Starter,Organic,2025-11-06,,99.0
ACC-0432,2025-08-02,Mid-market,Growth,Organic,,,414.7
ACC-0433,2025-07-26,SMB,Growth,Paid Search,,,299.0
ACC-0434,2025-09-04,SMB,Starter,Organic,2025-09-09,,99.0
ACC-0435,2024-07-16,SMB,Starter,Organic,2024-07-29,2024-10-01,99.0
ACC-0436,2024-11-22,Mid-market,Growth,Paid Search,,,348.48
ACC-0437,2024-09-07,SMB,Growth,Partner,2024-09-20,2025-11-01,299.0
ACC-0438,2025-04-08,Mid-market,Growth,Outbound,2025-05-02,,400.4
ACC-0439,2025-07-13,Mid-market,Scale,Organic,,,1079.81
ACC-0440,2025-06-24,SMB,Starter,Organic,2025-06-29,2025-11-01,99.0
ACC-0441,2025-09-07,Mid-market,Growth,Organic,,,404.51
ACC-0442,2024-10-18,SMB,Starter,Organic,2024-10-24,,99.0
ACC-0443,2025-07-13,SMB,Growth,Partner,2025-08-07,,299.0
ACC-0444,2024-11-04,Mid-market,Growth,Organic,,,362.2
ACC-0445,2024-12-20,Enterprise,Scale,Partner,2025-01-17,,1710.81
ACC-0446,2025-07-23,SMB,Starter,Outbound,2025-08-16,,99.0
ACC-0447,2025-10-16,SMB,Growth,Outbound,,,299.0
ACC-0448,2025-06-05,SMB,Growth,Outbound,2025-06-26,,299.0
ACC-0449,2024-08-05,SMB,Starter,Paid Search,,,99.0
ACC-0450,2025-06-12,SMB,Starter,Organic,2025-06-18,,99.0
ACC-0451,2024-08-14,SMB,Starter,Paid Search,,,99.0
ACC-0452,2025-09-15,SMB,Growth,Paid Search,,,299.0
ACC-0453,2025-07-07,SMB,Growth,Partner,2025-07-30,,299.0
ACC-0454,2024-10-14,Mid-market,Growth,Partner,2024-11-02,2025-12-01,401.67
ACC-0455,2024-09-08,Mid-market,Growth,Partner,2024-10-04,,327.41
ACC-0456,2024-11-19,Mid-market,Growth,Outbound,2024-11-30,,391.66
ACC-0457,2025-10-22,SMB,Starter,Paid Search,2025-11-01,,99.0
ACC-0458,2025-03-18,SMB,Starter,Organic,,,99.0
ACC-0459,2025-08-01,SMB,Starter,Organic,2025-08-31,2025-12-01,99.0
ACC-0460,2025-06-27,SMB,Starter,Organic,,,99.0
ACC-0461,2025-05-01,SMB,Starter,Paid Search,,,99.0
ACC-0462,2024-10-27,SMB,Starter,Paid Search,,,99.0
ACC-0463,2025-10-01,Mid-market,Growth,Organic,2025-10-21,,332.93
ACC-0464,2025-01-14,SMB,Starter,Paid Search,,,99.0
ACC-0465,2025-05-03,Mid-market,Growth,Paid Search,2025-05-10,,309.34
ACC-0466,2025-07-03,SMB,Starter,Outbound,2025-07-20,,99.0
ACC-0467,2025-06-19,Mid-market,Growth,Outbound,2025-07-07,,408.77
ACC-0468,2025-10-20,SMB,Starter,Paid Search,,,99.0
ACC-0469,2024-10-04,SMB,Starter,Partner,2024-10-10,,99.0
ACC-0470,2025-04-27,SMB,Growth,Paid Search,2025-05-16,2025-08-01,299.0
ACC-0471,2025-02-09,Enterprise,Scale,Outbound,2025-02-22,,2087.26
ACC-0472,2025-03-09,SMB,Starter,Paid Search,,,99.0
ACC-0473,2024-09-09,SMB,Starter,Outbound,2024-10-06,,99.0
ACC-0474,2024-10-13,SMB,Starter,Partner,2024-11-10,2025-06-01,99.0
ACC-0475,2024-12-05,Mid-market,Growth,Outbound,,,347.57
ACC-0476,2025-01-12,SMB,Starter,Outbound,2025-01-30,2025-10-01,99.0
ACC-0477,2025-03-06,SMB,Starter,Paid Search,,,99.0
ACC-0478,2025-05-02,SMB,Starter,Paid Search,,,99.0
ACC-0479,2025-06-10,Enterprise,Scale,Organic,2025-06-16,,1885.32
ACC-0480,2025-03-19,SMB,Starter,Paid Search,2025-03-27,2025-10-01,99.0
ACC-0481,2025-02-21,SMB,Starter,Paid Search,,,99.0
ACC-0482,2024-11-10,Enterprise,Scale,Outbound,2024-11-30,,1963.78
ACC-0483,2025-05-09,SMB,Starter,Outbound,2025-06-08,2025-09-01,99.0
ACC-0484,2025-01-22,SMB,Growth,Paid Search,,,299.0
ACC-0485,2024-07-19,SMB,Starter,Organic,2024-08-17,2025-09-01,99.0
ACC-0486,2025-03-23,SMB,Starter,Paid Search,2025-04-01,2025-05-01,99.0
ACC-0487,2025-03-25,SMB,Starter,Paid Search,2025-04-07,2025-08-01,99.0
ACC-0488,2024-11-23,SMB,Starter,Outbound,2024-12-17,2025-04-01,99.0
ACC-0489,2025-05-26,Mid-market,Growth,Outbound,2025-06-24,,370.82
ACC-0490,2025-05-12,Mid-market,Scale,Partner,2025-05-21,,1243.09
ACC-0491,2025-07-11,SMB,Starter,Outbound,2025-08-09,,99.0
ACC-0492,2025-06-09,SMB,Starter,Paid Search,,,99.0
ACC-0493,2025-06-07,SMB,Starter,Outbound,2025-07-06,,99.0
ACC-0494,2025-01-21,Enterprise,Scale,Partner,2025-02-04,,2863.85
ACC-0495,2025-08-20,SMB,Starter,Paid Search,,,99.0
ACC-0496,2025-05-22,SMB,Starter,Paid Search,2025-06-11,,99.0
ACC-0497,2025-03-05,SMB,Starter,Outbound,2025-04-04,2025-05-01,99.0
ACC-0498,2025-06-14,Mid-market,Growth,Organic,2025-07-09,,366.19
ACC-0499,2025-02-06,SMB,Starter,Paid Search,,,99.0
ACC-0500,2025-04-25,Mid-market,Growth,Partner,2025-04-30,2025-05-01,372.85
ACC-0501,2025-07-08,SMB,Starter,Organic,,,99.0
ACC-0502,2025-09-04,Enterprise,Scale,Outbound,2025-09-14,,1811.42
ACC-0503,2025-10-16,SMB,Starter,Paid Search,2025-10-21,,99.0
ACC-0504,2025-04-24,Mid-market,Scale,Outbound,2025-05-16,,943.79
ACC-0505,2025-04-25,Mid-market,Scale,Outbound,2025-05-09,,955.64
ACC-0506,2025-08-03,Enterprise,Scale,Outbound,2025-08-10,,1681.39
ACC-0507,2025-01-09,SMB,Growth,Organic,,,299.0
ACC-0508,2025-09-05,SMB,Starter,Paid Search,,,99.0
ACC-0509,2025-04-09,SMB,Starter,Paid Search,2025-05-06,2025-11-01,99.0
ACC-0510,2024-09-15,SMB,Starter,Organic,2024-09-22,2025-01-01,99.0
ACC-0511,2024-08-08,SMB,Growth,Organic,2024-08-23,,299.0
ACC-0512,2025-09-02,Enterprise,Scale,Organic,2025-09-24,,1766.92
ACC-0513,2024-08-14,Enterprise,Scale,Outbound,,,2727.25
ACC-0514,2024-12-02,SMB,Starter,Paid Search,,,99.0
ACC-0515,2025-01-07,SMB,Starter,Paid Search,,,99.0
ACC-0516,2024-10-01,Mid-market,Growth,Outbound,,,347.37
ACC-0517,2025-01-03,Enterprise,Scale,Outbound,2025-01-19,,1633.31
ACC-0518,2025-07-12,SMB,Starter,Paid Search,,,99.0
ACC-0519,2024-07-23,SMB,Growth,Organic,2024-08-14,,299.0
ACC-0520,2025-08-21,Mid-market,Growth,Partner,2025-08-28,,335.08
ACC-0521,2025-09-03,SMB,Starter,Organic,2025-09-10,,99.0
ACC-0522,2025-02-01,SMB,Starter,Organic,2025-02-22,2025-08-01,99.0
ACC-0523,2024-10-10,Enterprise,Scale,Organic,2024-10-19,,2426.79
ACC-0524,2025-05-18,Enterprise,Scale,Organic,2025-06-02,,2956.84
ACC-0525,2024-09-21,Enterprise,Scale,Organic,2024-10-16,,2298.75
ACC-0526,2025-02-23,Mid-market,Scale,Organic,2025-03-19,,1134.89
ACC-0527,2025-10-10,SMB,Starter,Paid Search,,,99.0
ACC-0528,2025-10-05,SMB,Growth,Organic,2025-10-15,,299.0
ACC-0529,2025-08-01,SMB,Growth,Paid Search,2025-08-07,,299.0
ACC-0530,2025-01-04,SMB,Starter,Organic,,,99.0
ACC-0531,2025-07-02,SMB,Starter,Partner,2025-08-01,,99.0
ACC-0532,2025-07-24,SMB,Growth,Organic,2025-08-15,,299.0
ACC-0533,2025-02-08,SMB,Growth,Organic,2025-02-13,2025-04-01,299.0
ACC-0534,2025-06-23,Mid-market,Growth,Partner,2025-07-04,,403.39
ACC-0535,2024-07-15,SMB,Starter,Partner,2024-08-13,2025-10-01,99.0
ACC-0536,2024-11-15,SMB,Starter,Paid Search,,,99.0
ACC-0537,2025-04-13,SMB,Starter,Paid Search,2025-05-13,,99.0
ACC-0538,2024-10-23,SMB,Starter,Organic,2024-11-04,2025-03-01,99.0
ACC-0539,2024-10-02,Mid-market,Growth,Organic,,,405.31
ACC-0540,2025-09-03,SMB,Starter,Paid Search,,,99.0
ACC-0541,2025-10-12,SMB,Starter,Partner,2025-11-05,,99.0
ACC-0542,2025-05-11,Mid-market,Scale,Paid Search,2025-06-03,,1247.79
ACC-0543,2025-09-15,SMB,Growth,Organic,,,299.0
ACC-0544,2025-10-20,SMB,Starter,Organic,2025-11-15,,99.0
ACC-0545,2024-10-16,SMB,Starter,Partner,2024-11-15,2025-09-01,99.0
ACC-0546,2025-03-07,SMB,Starter,Organic,,,99.0
ACC-0547,2025-02-09,Mid-market,Growth,Paid Search,,,322.09
ACC-0548,2024-08-21,SMB,Starter,Paid Search,2024-09-11,2025-04-01,99.0
ACC-0549,2025-07-06,SMB,Starter,Paid Search,2025-08-05,,99.0
ACC-0550,2025-03-14,SMB,Starter,Organic,2025-04-09,2025-08-01,99.0
ACC-0551,2025-03-15,SMB,Starter,Organic,,,99.0
ACC-0552,2024-10-21,SMB,Starter,Organic,2024-11-15,,99.0
ACC-0553,2024-10-20,Mid-market,Growth,Outbound,2024-11-18,,307.51
ACC-0554,2025-09-13,SMB,Starter,Organic,,,99.0
ACC-0555,2024-08-09,SMB,Starter,Outbound,2024-09-08,,99.0
ACC-0556,2024-11-10,SMB,Starter,Organic,2024-12-03,,99.0
ACC-0557,2025-01-12,SMB,Starter,Paid Search,,,99.0
ACC-0558,2025-04-06,SMB,Growth,Paid Search,,,299.0
ACC-0559,2025-05-17,Mid-market,Growth,Outbound,,,416.71
ACC-0560,2025-04-06,Mid-market,Growth,Paid Search,2025-04-12,,403.46
ACC-0561,2024-08-18,SMB,Starter,Paid Search,2024-08-31,2025-05-01,99.0
ACC-0562,2024-12-21,SMB,Starter,Paid Search,,,99.0
ACC-0563,2025-09-26,Enterprise,Scale,Outbound,2025-10-23,,2655.86
ACC-0564,2025-06-04,SMB,Growth,Organic,,,299.0
ACC-0565,2025-06-21,SMB,Starter,Paid Search,,,99.0
ACC-0566,2025-06-03,SMB,Starter,Organic,2025-06-14,,99.0
ACC-0567,2025-08-10,Mid-market,Growth,Paid Search,,,332.52
ACC-0568,2024-08-05,Mid-market,Growth,Paid Search,,,303.49
ACC-0569,2025-02-05,SMB,Starter,Organic,2025-02-28,,99.0
ACC-0570,2025-04-05,Enterprise,Scale,Outbound,2025-04-14,,2970.49
ACC-0571,2025-01-02,SMB,Starter,Outbound,2025-01-10,2025-08-01,99.0
ACC-0572,2025-09-23,SMB,Starter,Outbound,2025-10-15,,99.0
ACC-0573,2025-04-02,SMB,Starter,Paid Search,,,99.0
ACC-0574,2025-08-11,SMB,Growth,Paid Search,2025-09-05,2025-11-01,299.0
ACC-0575,2025-09-19,SMB,Starter,Paid Search,,,99.0
ACC-0576,2025-04-27,SMB,Starter,Paid Search,2025-05-17,2025-12-01,99.0
ACC-0577,2025-09-24,SMB,Starter,Outbound,,,99.0
ACC-0578,2025-05-04,Mid-market,Growth,Partner,2025-05-22,,432.96
ACC-0579,2025-09-27,SMB,Starter,Partner,2025-10-09,,99.0
ACC-0580,2025-01-18,SMB,Starter,Paid Search,2025-02-16,,99.0
ACC-0581,2025-04-05,Mid-market,Growth,Partner,2025-04-26,,348.62
ACC-0582,2025-04-13,SMB,Growth,Organic,,,299.0
ACC-0583,2024-09-25,Mid-market,Scale,Organic,,,1086.07
ACC-0584,2025-02-11,Mid-market,Growth,Paid Search,,,347.92
ACC-0585,2025-10-05,Mid-market,Growth,Organic,,,426.51
ACC-0586,2025-06-24,SMB,Starter,Paid Search,,,99.0
ACC-0587,2024-10-26,SMB,Starter,Organic,2024-11-05,2025-12-01,99.0
ACC-0588,2025-01-27,SMB,Starter,Organic,,,99.0
ACC-0589,2024-11-26,SMB,Starter,Paid Search,,,99.0
ACC-0590,2024-07-24,SMB,Starter,Organic,2024-07-30,2025-11-01,99.0
ACC-0591,2025-10-13,SMB,Starter,Paid Search,,,99.0
ACC-0592,2025-03-06,SMB,Starter,Organic,,,99.0
ACC-0593,2025-01-17,SMB,Starter,Organic,,,99.0
ACC-0594,2025-05-06,SMB,Growth,Paid Search,,,299.0
ACC-0595,2024-07-13,Mid-market,Scale,Paid Search,,,1289.25
ACC-0596,2024-12-18,Enterprise,Scale,Partner,2025-01-11,,2496.99
ACC-0597,2025-07-26,SMB,Starter,Paid Search,2025-08-19,,99.0
ACC-0598,2025-06-08,Enterprise,Scale,Outbound,2025-06-30,,1896.52
ACC-0599,2025-10-07,SMB,Starter,Outbound,,,99.0
ACC-0600,2025-06-20,Enterprise,Scale,Partner,2025-07-06,,1754.01
ACC-0601,2025-04-01,Enterprise,Scale,Outbound,2025-04-09,,1856.73
ACC-0602,2025-08-16,SMB,Growth,Organic,,,299.0
ACC-0603,2025-09-21,Mid-market,Growth,Partner,,,363.45
ACC-0604,2025-07-15,Enterprise,Scale,Outbound,2025-07-28,,2649.73
ACC-0605,2025-10-11,Enterprise,Scale,Outbound,2025-11-06,,2878.7
ACC-0606,2025-08-23,Enterprise,Scale,Partner,2025-09-15,,2958.0
ACC-0607,2025-09-11,SMB,Starter,Paid Search,,,99.0
ACC-0608,2024-09-20,SMB,Starter,Outbound,,,99.0
ACC-0609,2025-07-13,Mid-market,Growth,Outbound,,,379.7
ACC-0610,2025-03-01,SMB,Growth,Paid Search,2025-03-06,2025-10-01,299.0
ACC-0611,2025-05-15,SMB,Starter,Organic,2025-06-12,,99.0
ACC-0612,2025-06-02,SMB,Starter,Paid Search,2025-06-11,,99.0
ACC-0613,2025-10-26,SMB,Growth,Organic,2025-11-08,,299.0
ACC-0614,2025-10-17,SMB,Growth,Outbound,2025-11-06,,299.0
ACC-0615,2024-12-11,Mid-market,Scale,Partner,2024-12-31,,1159.97
ACC-0616,2025-07-14,SMB,Starter,Organic,2025-07-23,,99.0
ACC-0617,2025-07-17,Mid-market,Growth,Partner,2025-08-09,,337.31
ACC-0618,2025-01-08,Mid-market,Growth,Partner,2025-02-04,2025-08-01,416.88
ACC-0619,2024-09-08,SMB,Starter,Paid Search,2024-10-07,2025-01-01,99.0
ACC-0620,2024-07-12,SMB,Starter,Organic,2024-07-23,2024-11-01,99.0
ACC-0621,2025-08-07,SMB,Growth,Paid Search,,,299.0
ACC-0622,2025-04-21,Enterprise,Scale,Outbound,,,2215.18
ACC-0623,2025-10-03,Mid-market,Scale,Organic,2025-10-21,,1104.38
ACC-0624,2025-03-23,SMB,Starter,Organic,2025-04-15,2025-08-01,99.0
ACC-0625,2025-10-10,SMB,Starter,Organic,2025-11-05,,99.0
ACC-0626,2025-03-16,SMB,Starter,Outbound,2025-04-11,,99.0
ACC-0627,2025-08-05,SMB,Growth,Partner,2025-08-22,,299.0
ACC-0628,2024-08-11,Enterprise,Scale,Outbound,2024-08-27,,2233.76
ACC-0629,2025-05-21,Mid-market,Growth,Outbound,,,316.79
ACC-0630,2025-08-08,SMB,Starter,Paid Search,,,99.0
ACC-0631,2025-10-04,Mid-market,Growth,Organic,2025-10-20,,400.62
ACC-0632,2025-08-15,SMB,Starter,Paid Search,2025-08-27,,99.0
ACC-0633,2024-07-05,Mid-market,Growth,Organic,2024-07-25,2024-08-01,419.85
ACC-0634,2025-02-09,SMB,Starter,Paid Search,2025-02-25,2025-08-01,99.0
ACC-0635,2024-08-13,SMB,Starter,Outbound,2024-09-07,2025-04-01,99.0
ACC-0636,2024-09-16,Enterprise,Scale,Partner,2024-10-09,2025-04-01,1641.13
ACC-0637,2025-06-18,SMB,Starter,Partner,2025-06-30,2025-08-01,99.0
ACC-0638,2025-07-19,Mid-market,Growth,Outbound,,,356.94
ACC-0639,2025-08-23,Enterprise,Scale,Outbound,2025-09-13,,2856.55
ACC-0640,2025-09-02,SMB,Starter,Paid Search,,,99.0
ACC-0641,2025-07-10,SMB,Starter,Outbound,2025-07-16,,99.0
ACC-0642,2025-08-01,Mid-market,Scale,Outbound,2025-08-15,,1163.07
ACC-0643,2024-08-01,SMB,Growth,Paid Search,,,299.0
ACC-0644,2024-11-06,SMB,Growth,Organic,2024-11-22,,299.0
ACC-0645,2025-06-17,SMB,Growth,Paid Search,,,299.0
ACC-0646,2025-09-25,Mid-market,Growth,Outbound,2025-10-24,,363.05
ACC-0647,2024-07-21,SMB,Growth,Organic,2024-08-20,2024-11-01,299.0
ACC-0648,2025-04-18,SMB,Starter,Paid Search,2025-05-14,,99.0
ACC-0649,2025-06-22,Mid-market,Scale,Organic,2025-07-14,,1106.95
ACC-0650,2024-07-05,SMB,Starter,Organic,2024-07-15,2025-10-01,99.0
ACC-0651,2025-02-23,Mid-market,Growth,Partner,,,367.22
ACC-0652,2025-09-25,SMB,Starter,Partner,2025-10-10,,99.0
ACC-0653,2025-06-03,Enterprise,Scale,Outbound,2025-06-18,,1909.77
ACC-0654,2024-12-13,Mid-market,Scale,Partner,2024-12-21,,1109.51
ACC-0655,2025-09-23,SMB,Starter,Organic,2025-10-03,,99.0
ACC-0656,2025-01-13,Mid-market,Scale,Partner,2025-02-02,,1300.76
ACC-0657,2025-09-23,SMB,Starter,Partner,2025-10-09,,99.0
ACC-0658,2025-01-26,SMB,Starter,Partner,2025-02-08,2025-04-01,99.0
ACC-0659,2025-05-13,SMB,Starter,Organic,,,99.0
ACC-0660,2025-02-02,Mid-market,Growth,Paid Search,2025-02-07,2025-03-01,384.94
ACC-0661,2024-12-10,SMB,Growth,Organic,2024-12-23,,299.0
ACC-0662,2025-09-06,SMB,Starter,Partner,,,99.0
ACC-0663,2024-11-13,SMB,Starter,Partner,2024-11-24,,99.0
ACC-0664,2024-08-16,SMB,Starter,Outbound,2024-09-03,2024-10-01,99.0
ACC-0665,2025-01-13,SMB,Starter,Organic,2025-02-05,2025-10-01,99.0
ACC-0666,2025-07-06,SMB,Starter,Organic,2025-07-28,2025-10-01,99.0
ACC-0667,2025-08-09,SMB,Starter,Organic,2025-08-25,2025-12-01,99.0
ACC-0668,2025-10-19,SMB,Starter,Partner,2025-10-27,,99.0
ACC-0669,2025-01-01,SMB,Starter,Paid Search,,,99.0
ACC-0670,2025-02-06,SMB,Growth,Organic,2025-02-18,,299.0
ACC-0671,2024-10-25,Mid-market,Scale,Outbound,2024-11-08,,1201.6
ACC-0672,2025-05-03,SMB,Growth,Partner,2025-05-18,,299.0
ACC-0673,2025-10-12,SMB,Starter,Paid Search,2025-10-29,,99.0
ACC-0674,2025-07-06,SMB,Starter,Partner,2025-07-18,,99.0
ACC-0675,2025-05-03,SMB,Starter,Outbound,2025-05-29,,99.0
ACC-0676,2025-02-12,SMB,Starter,Organic,,,99.0
ACC-0677,2025-09-15,Mid-market,Growth,Organic,2025-10-05,2025-12-01,336.24
ACC-0678,2025-04-05,SMB,Starter,Paid Search,,,99.0
ACC-0679,2024-10-03,SMB,Growth,Organic,2024-10-16,,299.0
ACC-0680,2025-02-04,SMB,Starter,Paid Search,2025-02-10,,99.0
ACC-0681,2024-08-18,SMB,Starter,Paid Search,,,99.0
ACC-0682,2024-11-24,SMB,Starter,Partner,2024-12-15,,99.0
ACC-0683,2024-07-05,SMB,Starter,Organic,,,99.0
ACC-0684,2025-03-09,SMB,Starter,Paid Search,2025-03-23,,99.0
ACC-0685,2025-06-10,SMB,Growth,Organic,,,299.0
ACC-0686,2025-01-10,Mid-market,Scale,Organic,2025-01-31,2025-10-01,960.39
ACC-0687,2025-03-07,Enterprise,Scale,Partner,2025-03-17,,1734.86
ACC-0688,2025-10-02,SMB,Starter,Organic,2025-10-17,,99.0
ACC-0689,2025-07-15,SMB,Growth,Paid Search,2025-07-30,,299.0
ACC-0690,2025-04-10,Mid-market,Scale,Outbound,2025-04-25,,1033.19
ACC-0691,2024-12-10,SMB,Starter,Paid Search,2024-12-24,,99.0
ACC-0692,2025-09-08,Mid-market,Growth,Organic,,,393.72
ACC-0693,2024-11-26,SMB,Growth,Organic,2024-12-09,2025-05-01,299.0
ACC-0694,2025-01-17,Enterprise,Scale,Outbound,2025-02-14,,1816.84
ACC-0695,2025-09-12,Enterprise,Scale,Outbound,,,1676.07
ACC-0696,2025-04-06,SMB,Starter,Organic,2025-04-14,,99.0
ACC-0697,2025-07-22,SMB,Starter,Outbound,2025-08-09,,99.0
ACC-0698,2025-05-24,SMB,Starter,Outbound,2025-06-04,,99.0
ACC-0699,2025-06-01,SMB,Growth,Outbound,2025-06-16,,299.0
ACC-0700,2025-01-26,SMB,Starter,Partner,,,99.0
ACC-0701,2024-12-19,Enterprise,Scale,Partner,,,2908.27
ACC-0702,2025-01-03,SMB,Starter,Paid Search,,,99.0
ACC-0703,2024-10-21,SMB,Starter,Organic,,,99.0
ACC-0704,2025-09-03,Mid-market,Growth,Organic,2025-09-24,,324.53
ACC-0705,2024-12-02,SMB,Growth,Paid Search,,,299.0
ACC-0706,2025-05-04,SMB,Starter,Paid Search,,,99.0
ACC-0707,2025-08-13,Enterprise,Scale,Outbound,2025-09-06,,2130.69
ACC-0708,2025-08-17,SMB,Growth,Organic,2025-09-07,,299.0
ACC-0709,2025-03-11,SMB,Starter,Outbound,2025-04-01,,99.0
ACC-0710,2025-04-04,SMB,Growth,Organic,,,299.0
ACC-0711,2025-10-06,Enterprise,Scale,Partner,2025-10-13,,3019.55
ACC-0712,2025-06-24,SMB,Starter,Paid Search,,,99.0
ACC-0713,2025-08-26,SMB,Growth,Paid Search,,,299.0
ACC-0714,2025-09-21,SMB,Growth,Paid Search,2025-10-08,,299.0
ACC-0715,2025-08-03,SMB,Starter,Outbound,2025-08-18,,99.0
ACC-0716,2024-11-23,Enterprise,Scale,Outbound,2024-11-30,2025-12-01,2738.16
ACC-0717,2025-05-19,SMB,Growth,Outbound,2025-06-13,2025-12-01,299.0
ACC-0718,2024-09-15,Enterprise,Scale,Partner,2024-10-03,2024-11-01,2599.81
ACC-0719,2025-06-04,SMB,Starter,Paid Search,2025-06-21,,99.0
ACC-0720,2025-10-27,SMB,Starter,Paid Search,2025-11-18,,99.0
ACC-0721,2025-04-12,Mid-market,Scale,Paid Search,2025-04-30,,1016.58
ACC-0722,2025-03-02,SMB,Starter,Paid Search,2025-03-31,,99.0
ACC-0723,2024-07-06,SMB,Starter,Paid Search,,,99.0
ACC-0724,2025-10-11,Mid-market,Growth,Organic,,,362.1
ACC-0725,2024-09-02,SMB,Starter,Outbound,2024-09-14,,99.0
ACC-0726,2024-07-09,SMB,Starter,Organic,2024-08-03,,99.0
ACC-0727,2024-12-13,Enterprise,Scale,Partner,2024-12-27,,2575.11
ACC-0728,2024-08-26,SMB,Starter,Paid Search,,,99.0
ACC-0729,2025-03-03,SMB,Growth,Organic,2025-03-08,,299.0
ACC-0730,2025-04-16,SMB,Starter,Organic,2025-04-22,,99.0
ACC-0731,2025-01-25,SMB,Growth,Organic,2025-02-23,,299.0
ACC-0732,2024-08-22,SMB,Starter,Outbound,,,99.0
ACC-0733,2024-09-25,Mid-market,Growth,Partner,,,316.6
ACC-0734,2025-02-05,SMB,Starter,Paid Search,,,99.0
ACC-0735,2024-08-22,Mid-market,Scale,Partner,2024-09-02,,1053.34
ACC-0736,2025-07-27,SMB,Starter,Organic,2025-08-26,,99.0
ACC-0737,2024-11-09,SMB,Starter,Partner,2024-11-17,,99.0
ACC-0738,2025-01-14,SMB,Starter,Partner,2025-02-04,2025-09-01,99.0
ACC-0739,2025-02-15,Mid-market,Growth,Organic,,,318.61
ACC-0740,2025-03-14,SMB,Starter,Partner,2025-04-12,2025-05-01,99.0
ACC-0741,2024-07-08,SMB,Starter,Paid Search,2024-07-18,,99.0
ACC-0742,2024-09-27,Mid-market,Growth,Organic,2024-10-22,2025-03-01,331.6
ACC-0743,2025-09-26,SMB,Starter,Paid Search,2025-10-24,,99.0
ACC-0744,2024-07-11,SMB,Growth,Paid Search,2024-08-01,2024-12-01,299.0
ACC-0745,2025-04-22,Enterprise,Scale,Partner,2025-05-07,,2299.5
ACC-0746,2025-04-11,SMB,Starter,Paid Search,,,99.0
ACC-0747,2025-01-22,SMB,Starter,Paid Search,2025-01-30,,99.0
ACC-0748,2025-03-16,SMB,Starter,Organic,2025-03-25,,99.0
ACC-0749,2025-08-13,SMB,Growth,Paid Search,,,299.0
ACC-0750,2025-09-04,SMB,Starter,Outbound,2025-09-17,,99.0
ACC-0751,2024-12-18,Mid-market,Scale,Partner,2025-01-17,,992.84
ACC-0752,2025-01-09,SMB,Starter,Organic,,,99.0
ACC-0753,2024-12-06,Mid-market,Growth,Paid Search,2024-12-23,2025-07-01,395.98
ACC-0754,2025-04-06,Enterprise,Scale,Partner,2025-04-18,,2972.4
ACC-0755,2025-06-27,SMB,Starter,Paid Search,,,99.0
ACC-0756,2024-11-03,Mid-market,Growth,Organic,2024-11-27,,364.41
ACC-0757,2025-01-22,Mid-market,Growth,Outbound,2025-01-28,,313.09
ACC-0758,2025-10-24,Enterprise,Scale,Outbound,2025-11-05,,1628.29
ACC-0759,2024-08-01,SMB,Starter,Organic,,,99.0
ACC-0760,2025-03-16,SMB,Starter,Paid Search,2025-04-03,2025-10-01,99.0
ACC-0761,2025-07-16,SMB,Starter,Paid Search,2025-07-23,,99.0
ACC-0762,2024-10-10,SMB,Starter,Organic,2024-10-28,2025-09-01,99.0
ACC-0763,2024-08-19,SMB,Starter,Paid Search,2024-09-06,,99.0
ACC-0764,2024-10-12,SMB,Starter,Outbound,2024-11-05,2025-11-01,99.0
ACC-0765,2025-10-12,SMB,Starter,Organic,2025-10-26,,99.0
ACC-0766,2024-07-12,Enterprise,Scale,Organic,2024-08-11,2025-07-01,2051.18
ACC-0767,2024-11-22,SMB,Starter,Paid Search,2024-12-08,2025-08-01,99.0
ACC-0768,2024-07-18,SMB,Starter,Partner,2024-08-11,2024-10-01,99.0
ACC-0769,2024-09-11,SMB,Starter,Paid Search,,,99.0
ACC-0770,2025-06-26,SMB,Starter,Paid Search,,,99.0
ACC-0771,2024-12-22,SMB,Starter,Outbound,2025-01-21,2025-06-01,99.0
ACC-0772,2025-05-26,SMB,Starter,Organic,2025-06-02,,99.0
ACC-0773,2025-05-20,SMB,Starter,Paid Search,2025-05-30,2025-12-01,99.0
ACC-0774,2025-09-11,SMB,Starter,Paid Search,2025-09-25,,99.0
ACC-0775,2024-07-21,SMB,Starter,Organic,2024-07-31,,99.0
ACC-0776,2025-09-09,SMB,Starter,Outbound,2025-10-04,,99.0
ACC-0777,2025-06-08,SMB,Starter,Outbound,,,99.0
ACC-0778,2024-10-13,SMB,Starter,Outbound,,,99.0
ACC-0779,2025-08-27,SMB,Growth,Organic,2025-09-16,,299.0
ACC-0780,2025-09-16,SMB,Growth,Outbound,2025-10-01,,299.0
ACC-0781,2024-12-11,SMB,Starter,Organic,,,99.0
ACC-0782,2025-10-13,Mid-market,Growth,Outbound,2025-10-27,,326.45
ACC-0783,2025-03-08,Enterprise,Scale,Partner,2025-03-24,,2000.34
ACC-0784,2025-05-18,Enterprise,Scale,Outbound,2025-05-26,,2873.3
ACC-0785,2025-10-10,SMB,Growth,Outbound,,,299.0
ACC-0786,2025-02-15,SMB,Starter,Organic,2025-02-23,,99.0
ACC-0787,2025-08-10,SMB,Starter,Outbound,2025-09-06,,99.0
ACC-0788,2025-01-09,Mid-market,Scale,Partner,2025-02-06,,1263.69
ACC-0789,2025-08-27,Mid-market,Growth,Paid Search,,,349.65
ACC-0790,2025-05-10,Mid-market,Scale,Organic,2025-05-17,,1055.44
ACC-0791,2024-11-02,Mid-market,Growth,Outbound,,,362.54
ACC-0792,2025-03-11,SMB,Starter,Paid Search,,,99.0
ACC-0793,2025-01-15,Mid-market,Growth,Outbound,2025-02-02,2025-09-01,315.8
ACC-0794,2024-08-03,Mid-market,Growth,Paid Search,,,339.2
ACC-0795,2024-07-09,SMB,Starter,Paid Search,,,99.0
ACC-0796,2025-01-05,Enterprise,Scale,Outbound,2025-02-01,,1735.65
ACC-0797,2024-07-14,SMB,Starter,Paid Search,2024-07-21,,99.0
ACC-0798,2024-10-20,Enterprise,Scale,Organic,,,2094.17
ACC-0799,2025-07-27,Mid-market,Growth,Organic,2025-08-06,,302.76
ACC-0800,2025-07-11,SMB,Starter,Organic,2025-07-18,,99.0
ACC-0801,2025-07-24,Mid-market,Growth,Organic,2025-08-12,,425.99
ACC-0802,2025-01-06,SMB,Starter,Outbound,2025-01-26,2025-05-01,99.0
ACC-0803,2025-09-22,Mid-market,Growth,Outbound,,,357.44
ACC-0804,2025-05-16,Mid-market,Growth,Paid Search,,,407.7
ACC-0805,2024-09-21,SMB,Starter,Paid Search,,,99.0
ACC-0806,2024-10-21,Mid-market,Scale,Partner,2024-11-08,,1187.47
ACC-0807,2025-07-15,SMB,Starter,Organic,,,99.0
ACC-0808,2024-10-07,SMB,Starter,Outbound,,,99.0
ACC-0809,2025-04-15,SMB,Growth,Organic,2025-04-27,2025-07-01,299.0
ACC-0810,2025-10-23,SMB,Growth,Partner,,,299.0
ACC-0811,2024-07-27,SMB,Starter,Organic,2024-08-08,2024-12-01,99.0
ACC-0812,2024-07-26,SMB,Starter,Partner,2024-08-04,2024-12-01,99.0
ACC-0813,2025-10-05,SMB,Growth,Paid Search,,,299.0
ACC-0814,2025-05-17,SMB,Growth,Outbound,2025-05-31,,299.0
ACC-0815,2024-09-03,Mid-market,Growth,Partner,2024-09-08,,304.7
ACC-0816,2025-09-19,SMB,Growth,Outbound,2025-10-03,,299.0
ACC-0817,2025-09-27,Mid-market,Growth,Organic,,,369.62
ACC-0818,2025-04-02,SMB,Starter,Paid Search,2025-04-11,,99.0
ACC-0819,2025-06-18,SMB,Starter,Paid Search,2025-07-05,2025-11-01,99.0
ACC-0820,2024-12-26,SMB,Starter,Organic,,,99.0
ACC-0821,2024-08-23,SMB,Starter,Organic,2024-09-06,2024-10-01,99.0
ACC-0822,2025-05-11,SMB,Starter,Organic,2025-06-09,,99.0
ACC-0823,2025-01-03,SMB,Starter,Paid Search,2025-01-26,2025-09-01,99.0
ACC-0824,2025-06-25,SMB,Starter,Paid Search,2025-07-21,,99.0
ACC-0825,2025-09-25,SMB,Starter,Paid Search,,,99.0
ACC-0826,2024-07-16,SMB,Starter,Organic,2024-08-12,2025-01-01,99.0
ACC-0827,2025-05-27,SMB,Starter,Outbound,2025-06-05,,99.0
ACC-0828,2024-11-01,Mid-market,Scale,Partner,2024-11-06,,1045.79
ACC-0829,2025-09-17,SMB,Starter,Organic,2025-10-15,,99.0
ACC-0830,2024-12-02,Enterprise,Scale,Organic,2024-12-26,,2611.41
ACC-0831,2025-05-26,Mid-market,Growth,Organic,2025-06-23,,319.59
ACC-0832,2025-05-19,Enterprise,Scale,Partner,2025-06-04,,2007.67
ACC-0833,2025-02-25,Mid-market,Growth,Partner,2025-03-09,,334.06
ACC-0834,2025-06-16,SMB,Growth,Partner,2025-07-12,,299.0
ACC-0835,2025-07-03,SMB,Starter,Organic,,,99.0
ACC-0836,2025-05-01,SMB,Starter,Organic,,,99.0
ACC-0837,2025-08-10,Mid-market,Growth,Organic,2025-08-27,,332.79
ACC-0838,2025-10-21,SMB,Starter,Outbound,,,99.0
ACC-0839,2025-03-05,SMB,Starter,Organic,,,99.0
ACC-0840,2025-04-24,Enterprise,Scale,Outbound,2025-04-30,,2740.61
ACC-0841,2024-07-07,SMB,Starter,Organic,2024-08-02,,99.0
ACC-0842,2025-08-14,SMB,Starter,Organic,2025-08-27,,99.0
ACC-0843,2025-04-06,Mid-market,Growth,Paid Search,2025-04-30,2025-10-01,403.27
ACC-0844,2025-02-13,SMB,Growth,Paid Search,,,299.0
ACC-0845,2024-09-13,SMB,Starter,Organic,2024-09-26,2024-11-01,99.0
ACC-0846,2025-09-01,Mid-market,Growth,Partner,2025-10-01,2025-12-01,301.04
ACC-0847,2025-02-16,SMB,Growth,Organic,2025-03-03,,299.0
ACC-0848,2025-06-22,SMB,Starter,Organic,2025-07-01,,99.0
ACC-0849,2024-10-26,SMB,Starter,Paid Search,,,99.0
ACC-0850,2025-10-09,Mid-market,Growth,Organic,,,311.75
ACC-0851,2024-10-24,SMB,Starter,Organic,2024-11-22,2025-04-01,99.0
ACC-0852,2024-11-24,Enterprise,Scale,Outbound,2024-12-22,,1738.86
ACC-0853,2025-09-27,Mid-market,Growth,Outbound,2025-10-09,2025-12-01,350.98
ACC-0854,2025-09-11,SMB,Starter,Organic,,,99.0
ACC-0855,2024-11-23,SMB,Starter,Organic,2024-12-17,,99.0
ACC-0856,2025-03-16,SMB,Starter,Organic,2025-04-14,,99.0
ACC-0857,2025-07-02,Mid-market,Growth,Outbound,2025-07-12,,315.94
ACC-0858,2025-09-08,SMB,Starter,Organic,2025-10-08,,99.0
ACC-0859,2025-02-19,SMB,Starter,Organic,2025-03-19,2025-09-01,99.0
ACC-0860,2025-04-05,SMB,Starter,Paid Search,,,99.0
ACC-0861,2025-07-12,Enterprise,Scale,Partner,2025-08-04,,2545.95
ACC-0862,2025-07-21,SMB,Starter,Paid Search,2025-08-18,,99.0
ACC-0863,2025-08-05,Mid-market,Scale,Organic,2025-08-11,,1167.64
ACC-0864,2025-05-14,SMB,Starter,Outbound,2025-06-08,,99.0
ACC-0865,2024-09-06,Enterprise,Scale,Organic,2024-09-23,,2901.36
ACC-0866,2025-09-15,SMB,Starter,Organic,,,99.0
ACC-0867,2025-09-07,SMB,Growth,Organic,2025-10-04,2025-12-01,299.0
ACC-0868,2025-08-27,Enterprise,Scale,Partner,,,2500.53
ACC-0869,2024-09-03,Enterprise,Scale,Outbound,,,2738.16
ACC-0870,2024-11-27,SMB,Starter,Outbound,,,99.0
ACC-0871,2025-07-22,SMB,Growth,Outbound,2025-08-21,2025-10-01,299.0
ACC-0872,2024-07-24,SMB,Starter,Paid Search,2024-08-05,2024-11-01,99.0
ACC-0873,2025-10-23,SMB,Starter,Organic,,,99.0
ACC-0874,2025-02-06,SMB,Starter,Outbound,,,99.0
ACC-0875,2025-07-26,Mid-market,Growth,Organic,2025-08-18,,388.56
ACC-0876,2025-09-17,SMB,Starter,Paid Search,2025-10-08,,99.0
ACC-0877,2025-02-26,Mid-market,Growth,Paid Search,,,340.32
ACC-0878,2025-01-24,SMB,Growth,Organic,,,299.0
ACC-0879,2025-05-16,SMB,Starter,Paid Search,,,99.0
ACC-0880,2025-05-11,Mid-market,Growth,Outbound,2025-06-08,,387.06
ACC-0881,2025-02-04,SMB,Growth,Organic,2025-03-06,2025-06-01,299.0
ACC-0882,2025-05-03,Mid-market,Scale,Partner,2025-05-21,,1146.12
ACC-0883,2025-10-11,SMB,Starter,Outbound,2025-11-04,,99.0
ACC-0884,2025-03-22,Enterprise,Scale,Partner,2025-04-07,,1826.86
ACC-0885,2024-11-14,Mid-market,Growth,Organic,2024-12-09,,301.07
ACC-0886,2025-02-14,Mid-market,Growth,Partner,2025-03-13,,393.28
ACC-0887,2025-02-07,SMB,Starter,Organic,2025-02-13,,99.0
ACC-0888,2024-09-16,SMB,Starter,Outbound,2024-10-02,,99.0
ACC-0889,2024-10-18,SMB,Starter,Outbound,2024-11-10,2025-03-01,99.0
ACC-0890,2025-07-27,SMB,Starter,Organic,2025-08-20,,99.0
ACC-0891,2025-01-20,SMB,Starter,Partner,,,99.0
ACC-0892,2025-10-17,SMB,Starter,Outbound,2025-10-26,,99.0
ACC-0893,2024-12-25,SMB,Starter,Organic,2025-01-14,2025-09-01,99.0
ACC-0894,2024-09-12,SMB,Starter,Paid Search,,,99.0
ACC-0895,2025-07-26,SMB,Starter,Paid Search,,,99.0
ACC-0896,2025-09-10,SMB,Starter,Organic,,,99.0
ACC-0897,2024-12-04,SMB,Starter,Paid Search,,,99.0
ACC-0898,2024-11-12,SMB,Starter,Paid Search,2024-12-10,2025-03-01,99.0
ACC-0899,2024-11-04,SMB,Starter,Organic,2024-11-25,2025-11-01,99.0
ACC-0900,2025-04-04,SMB,Starter,Outbound,2025-04-16,,99.0
